participant_id,sex,birth_year
100001,M,1977
100002,M,1977
100003,F,1977
100004,F,1977
100005,F,1977
100006,M,1977
100007,M,1977
100008,M,1977
100009,M,1977
100010,F,1977
100011,F,1977
100012,M,1977
100013,M,1977
100014,F,1977
100015,F,1977
100016,F,1977
100017,F,1977
100018,M,1977
100019,F,1977
100020,M,1977
100021,F,1977
100022,M,1977
100023,F,1977
100024,F,1977
100025,M,1977
100026,M,1977
100027,F,1977
100028,F,1977
100029,F,1977
100030,M,1977
100031,F,1977
100032,M,1977
100033,F,1977
100034,F,1977
100035,M,1977
100036,M,1977
100037,F,1977
100038,M,1977
100039,M,1977
100040,F,1977
100041,F,1977
100042,M,1977
100043,M,1977
100044,F,1977
100045,F,1977
100046,M,1977
100047,F,1977
100048,M,1977
100049,M,1977
100050,F,1977
100051,M,1977
100052,M,1977
100053,F,1977
100054,F,1977
100055,F,1977
100056,M,1977
100057,F,1977
100058,M,1977
100059,F,1977
100060,F,1977
100061,F,1977
100062,M,1977
100063,F,1977
100064,F,1977
100065,F,1977
100066,M,1977
100067,F,1977
100068,M,1977
100069,M,1977
100070,F,1977
100071,F,1977
100072,M,1977
100073,M,1977
100074,F,1977
100075,F,1977
100076,F,1977
100077,F,1977
100078,F,1977
100079,F,1977
100080,M,1977
100081,F,1977
100082,F,1977
100083,F,1977
100084,F,1977
100085,F,1977
100086,F,1977
100087,F,1977
100088,F,1977
100089,M,1977
100090,F,1977
100091,F,1977
100092,M,1977
100093,M,1977
100094,M,1977
100095,M,1977
100096,F,1977
100097,M,1977
100098,M,1977
100099,M,1977
100100,F,1977
100101,F,1977
100102,M,1977
100103,F,1977
100104,F,1977
100105,M,1977
100106,M,1977
100107,F,1977
100108,F,1977
100109,M,1977
100110,M,1977
100111,M,1977
100112,M,1977
100113,F,1977
100114,F,1977
100115,M,1977
100116,M,1977
100117,M,1977
100118,F,1977
100119,M,1977
100120,M,1977
100121,F,1977
100122,M,1977
100123,F,1977
100124,M,1977
100125,F,1977
100126,F,1977
100127,F,1977
100128,M,1977
100129,F,1977
100130,M,1977
100131,F,1977
100132,F,1977
100133,F,1977
100134,F,1977
100135,F,1977
100136,M,1977
100137,F,1977
100138,M,1977
100139,F,1977
100140,F,1977
100141,M,1977
100142,F,1977
100143,F,1977
100144,M,1977
100145,F,1977
100146,F,1977
100147,F,1977
100148,F,1977
100149,F,1977
100150,F,1977
100151,M,1977
100152,F,1977
100153,F,1977
100154,F,1977
100155,F,1977
100156,F,1977
100157,F,1977
100158,F,1977
100159,M,1977
100160,F,1977
100161,M,1977
100162,M,1977
100163,F,1977
100164,M,1977
100165,F,1977
100166,F,1977
100167,M,1977
100168,M,1977
100169,M,1977
100170,M,1977
100171,M,1977
100172,F,1977
100173,M,1977
100174,F,1977
100175,F,1977
100176,F,1977
100177,F,1977
100178,F,1977
100179,F,1977
100180,M,1977
100181,M,1977
100182,M,1977
100183,F,1977
100184,M,1977
100185,M,1977
100186,F,1977
100187,M,1977
100188,F,1977
100189,M,1977
100190,F,1977
100191,M,1977
100192,F,1977
100193,F,1977
100194,M,1977
100195,M,1977
100196,M,1977
100197,F,1977
100198,F,1977
100199,M,1977
100200,M,1977
100201,F,1977
100202,F,1977
100203,F,1977
100204,F,1977
100205,M,1977
100206,M,1977
100207,F,1977
100208,M,1977
100209,F,1977
100210,F,1977
100211,M,1977
100212,F,1977
100213,F,1977
100214,M,1977
100215,M,1977
100216,M,1977
100217,F,1977
100218,M,1977
100219,M,1977
100220,F,1977
100221,F,1977
100222,M,1977
100223,F,1977
100224,F,1977
100225,F,1977
100226,M,1977
100227,F,1977
100228,M,1977
100229,M,1977
100230,M,1977
100231,M,1977
100232,F,1977
100233,F,1977
100234,F,1977
100235,M,1977
100236,M,1977
100237,M,1977
100238,F,1977
100239,M,1977
100240,F,1977
100241,F,1977
100242,M,1977
100243,M,1977
100244,F,1977
100245,F,1977
100246,F,1977
100247,F,1977
100248,F,1977
100249,M,1977
100250,M,1977
100251,F,1977
100252,F,1977
100253,M,1977
100254,F,1977
100255,M,1977
100256,F,1977
100257,F,1977
100258,M,1977
100259,F,1977
100260,F,1977
100261,F,1977
100262,M,1977
100263,F,1977
100264,M,1977
100265,F,1977
100266,M,1977
100267,F,1977
100268,M,1977
100269,F,1977
100270,M,1977
100271,F,1977
100272,F,1977
100273,F,1977
100274,F,1977
100275,M,1977
100276,M,1977
100277,M,1977
100278,M,1977
100279,F,1977
100280,M,1977
100281,M,1977
100282,M,1977
100283,M,1977
100284,F,1977
100285,F,1977
100286,M,1977
100287,M,1977
100288,F,1977
100289,F,1977
100290,M,1977
100291,F,1977
100292,M,1977
100293,M,1977
100294,F,1977
100295,F,1977
100296,F,1977
100297,F,1977
100298,M,1977
100299,F,1977
100300,M,1977
100301,F,1977
100302,M,1977
100303,M,1977
100304,F,1977
100305,F,1977
100306,M,1977
100307,M,1977
100308,M,1977
100309,M,1977
100310,M,1977
100311,F,1977
100312,M,1977
100313,F,1977
100314,F,1977
100315,M,1977
100316,M,1977
100317,F,1977
100318,F,1977
100319,F,1977
100320,F,1977
100321,F,1977
100322,M,1977
100323,M,1977
100324,F,1977
100325,M,1977
100326,F,1977
100327,F,1977
100328,M,1977
100329,M,1977
100330,M,1977
100331,M,1977
100332,M,1977
100333,F,1977
100334,M,1977
100335,F,1977
100336,F,1977
100337,F,1977
100338,M,1977
100339,M,1977
100340,M,1977
100341,M,1977
100342,M,1977
100343,M,1977
100344,F,1977
100345,F,1977
100346,M,1977
100347,F,1977
100348,F,1977
100349,F,1977
100350,M,1977
100351,M,1977
100352,M,1977
100353,F,1977
100354,M,1977
100355,F,1977
100356,M,1977
100357,F,1977
100358,M,1977
100359,M,1977
100360,M,1977
100361,F,1977
100362,M,1977
100363,M,1977
100364,F,1977
100365,F,1977
100366,F,1977
100367,M,1977
100368,F,1977
100369,M,1977
100370,F,1977
100371,F,1977
100372,M,1977
100373,F,1977
100374,F,1977
100375,F,1977
100376,F,1977
100377,M,1977
100378,M,1977
100379,F,1977
100380,M,1977
100381,F,1977
100382,F,1977
100383,F,1977
100384,M,1977
100385,M,1977
100386,M,1977
100387,F,1977
100388,F,1977
100389,M,1977
100390,M,1977
100391,F,1977
100392,M,1977
100393,M,1977
100394,F,1977
100395,F,1977
100396,F,1977
100397,M,1977
100398,M,1977
100399,F,1977
100400,F,1977
100401,M,1977
100402,M,1977
100403,F,1977
100404,M,1977
100405,F,1977
100406,M,1977
100407,F,1977
100408,F,1977
100409,M,1977
100410,M,1977
100411,F,1977
100412,F,1977
100413,F,1977
100414,M,1977
100415,M,1977
100416,M,1977
100417,M,1977
100418,F,1977
100419,F,1977
100420,M,1977
100421,M,1977
100422,F,1977
100423,M,1977
100424,F,1977
100425,M,1977
100426,F,1977
100427,M,1977
100428,M,1977
100429,M,1977
100430,M,1977
100431,M,1977
100432,F,1977
100433,M,1977
100434,M,1977
100435,F,1977
100436,F,1977
100437,F,1977
100438,M,1977
100439,M,1977
100440,M,1977
100441,M,1977
100442,M,1977
100443,M,1977
100444,M,1977
100445,F,1977
100446,M,1977
100447,M,1977
100448,F,1977
100449,M,1977
100450,M,1977
100451,M,1977
100452,M,1977
100453,M,1977
100454,M,1977
100455,F,1977
100456,M,1977
100457,M,1977
100458,F,1977
100459,F,1977
100460,F,1977
100461,F,1977
100462,M,1977
100463,F,1977
100464,M,1977
100465,M,1977
100466,F,1977
100467,F,1977
100468,F,1977
100469,M,1977
100470,M,1977
100471,M,1977
100472,F,1977
100473,F,1977
100474,M,1977
100475,M,1977
100476,M,1977
100477,M,1977
100478,F,1977
100479,F,1977
100480,F,1977
100481,F,1977
100482,M,1977
100483,M,1977
100484,F,1977
100485,F,1977
100486,F,1977
100487,M,1977
100488,F,1977
100489,F,1977
100490,M,1977
100491,F,1977
100492,F,1977
100493,F,1977
100494,F,1977
100495,M,1977
100496,F,1977
100497,F,1977
100498,F,1977
100499,F,1977
100500,F,1977
100501,M,1977
100502,F,1977
100503,M,1977
100504,M,1977
100505,F,1977
100506,M,1977
100507,M,1977
100508,F,1977
100509,F,1977
100510,F,1977
100511,M,1977
100512,F,1977
100513,F,1977
100514,F,1977
100515,M,1977
100516,F,1977
100517,F,1977
100518,M,1977
100519,M,1977
100520,F,1977
100521,M,1977
100522,F,1977
100523,M,1977
100524,M,1977
100525,F,1977
100526,M,1977
100527,M,1977
100528,F,1977
100529,M,1977
100530,M,1977
100531,F,1977
100532,F,1977
100533,F,1977
100534,F,1977
100535,F,1977
100536,M,1977
100537,M,1977
100538,F,1977
100539,F,1977
100540,M,1977
100541,M,1977
100542,F,1977
100543,M,1977
100544,F,1977
100545,F,1977
100546,F,1977
100547,M,1977
100548,F,1977
100549,F,1977
100550,M,1977
100551,F,1977
100552,M,1977
100553,M,1977
100554,F,1977
100555,F,1977
100556,F,1977
100557,F,1977
100558,M,1977
100559,M,1977
100560,M,1977
100561,M,1977
100562,F,1977
100563,M,1977
100564,M,1977
100565,M,1977
100566,M,1977
100567,F,1977
100568,M,1977
100569,F,1977
100570,M,1977
100571,M,1977
100572,M,1977
100573,M,1977
100574,M,1977
100575,F,1977
100576,M,1977
100577,F,1977
100578,F,1977
100579,M,1977
100580,M,1977
100581,F,1977
100582,F,1977
100583,M,1977
100584,F,1977
100585,M,1977
100586,F,1977
100587,M,1977
100588,F,1977
100589,M,1977
100590,M,1977
100591,M,1977
100592,M,1977
100593,F,1977
100594,F,1977
100595,M,1977
100596,F,1977
100597,F,1977
100598,F,1977
100599,M,1977
100600,M,1977
100601,F,1977
100602,M,1977
100603,F,1977
100604,F,1977
100605,F,1977
100606,M,1977
100607,F,1977
100608,F,1977
100609,M,1977
100610,F,1977
100611,M,1977
100612,F,1977
100613,M,1977
100614,F,1977
100615,M,1977
100616,F,1977
100617,M,1977
100618,M,1977
100619,F,1977
100620,M,1977
100621,M,1977
100622,F,1977
100623,F,1977
100624,F,1977
100625,F,1977
100626,F,1977
100627,M,1977
100628,F,1977
100629,F,1977
100630,M,1977
100631,M,1977
100632,F,1977
100633,F,1977
100634,F,1977
100635,M,1977
100636,M,1977
100637,M,1977
100638,M,1977
100639,M,1977
100640,F,1977
100641,M,1977
100642,F,1977
100643,M,1977
100644,M,1977
100645,F,1977
100646,F,1977
100647,F,1977
100648,F,1977
100649,F,1977
100650,M,1977
100651,F,1977
100652,F,1977
100653,F,1977
100654,M,1977
100655,M,1977
100656,M,1977
100657,M,1977
100658,F,1977
100659,M,1977
100660,F,1977
100661,F,1977
100662,M,1977
100663,M,1977
100664,M,1977
100665,F,1977
100666,F,1977
100667,M,1977
100668,F,1977
100669,M,1977
100670,M,1977
100671,M,1977
100672,F,1977
100673,F,1977
100674,F,1977
100675,M,1977
100676,F,1977
100677,M,1977
100678,F,1977
100679,M,1977
100680,F,1977
100681,M,1977
100682,F,1977
100683,M,1977
100684,F,1977
100685,F,1977
100686,M,1977
100687,M,1977
100688,M,1977
100689,M,1977
100690,F,1977
100691,M,1977
100692,M,1977
100693,F,1977
100694,M,1977
100695,F,1977
100696,F,1977
100697,F,1977
100698,F,1977
100699,F,1977
100700,M,1977
100701,F,1977
100702,F,1977
100703,F,1977
100704,F,1977
100705,M,1977
100706,M,1977
100707,F,1977
100708,F,1977
100709,F,1977
100710,M,1977
100711,M,1977
100712,F,1977
100713,F,1977
100714,F,1977
100715,M,1977
100716,F,1977
100717,F,1977
100718,M,1977
100719,M,1977
100720,M,1977
100721,F,1977
100722,F,1977
100723,M,1977
100724,F,1977
100725,F,1977
100726,F,1977
100727,M,1977
100728,F,1977
100729,M,1977
100730,M,1977
100731,F,1977
100732,M,1977
100733,M,1977
100734,F,1977
100735,F,1977
100736,F,1977
100737,F,1977
100738,M,1977
100739,M,1977
100740,F,1977
100741,M,1977
100742,F,1977
100743,F,1977
100744,F,1977
100745,F,1977
100746,M,1977
100747,F,1977
100748,M,1977
100749,F,1977
100750,M,1977
100751,F,1977
100752,F,1977
100753,M,1977
100754,F,1977
100755,M,1977
100756,F,1977
100757,F,1977
100758,F,1977
100759,F,1977
100760,F,1977
100761,F,1977
100762,M,1977
100763,M,1977
100764,M,1977
100765,M,1977
100766,M,1977
100767,F,1977
100768,M,1977
100769,F,1977
100770,F,1977
100771,F,1977
100772,M,1977
100773,F,1977
100774,F,1977
100775,M,1977
100776,M,1977
100777,M,1977
100778,M,1977
100779,F,1977
100780,M,1977
100781,M,1977
100782,F,1977
100783,F,1977
100784,F,1977
100785,F,1977
100786,M,1977
100787,M,1977
100788,F,1977
100789,F,1977
100790,M,1977
100791,M,1977
100792,M,1977
100793,F,1977
100794,M,1977
100795,F,1977
100796,F,1977
100797,F,1977
100798,M,1977
100799,M,1977
100800,F,1977
100801,F,1977
100802,F,1977
100803,F,1977
100804,F,1977
100805,F,1977
100806,F,1977
100807,M,1977
100808,M,1977
100809,F,1977
100810,F,1977
100811,F,1977
100812,F,1977
100813,F,1977
100814,M,1977
100815,M,1977
100816,M,1977
100817,M,1977
100818,F,1977
100819,F,1977
100820,F,1977
100821,F,1977
100822,M,1977
100823,F,1977
100824,F,1977
100825,F,1977
100826,M,1977
100827,F,1977
100828,M,1977
100829,F,1977
100830,F,1977
100831,M,1977
100832,M,1977
100833,M,1977
100834,M,1977
100835,F,1977
100836,F,1977
100837,M,1977
100838,M,1977
100839,F,1977
100840,M,1977
100841,M,1977
100842,F,1977
100843,F,1977
100844,F,1977
100845,F,1977
100846,M,1977
100847,F,1977
100848,F,1977
100849,M,1977
100850,F,1977
100851,F,1977
100852,F,1977
100853,M,1977
100854,M,1977
100855,M,1977
100856,M,1977
100857,M,1977
100858,F,1977
100859,F,1977
100860,F,1977
100861,F,1977
100862,M,1977
100863,F,1977
100864,F,1977
100865,F,1977
100866,M,1977
100867,M,1977
100868,F,1977
100869,M,1977
100870,M,1977
100871,F,1977
100872,F,1977
100873,M,1977
100874,F,1977
100875,M,1977
100876,F,1977
100877,M,1977
100878,F,1977
100879,M,1977
100880,M,1977
100881,M,1977
100882,F,1977
100883,F,1977
100884,F,1977
100885,M,1977
100886,M,1977
100887,F,1977
100888,M,1977
100889,M,1977
100890,F,1977
100891,F,1977
100892,F,1977
100893,F,1977
100894,F,1977
100895,M,1977
100896,M,1977
100897,M,1977
100898,M,1977
100899,F,1977
100900,F,1977
100901,F,1977
100902,M,1977
100903,M,1977
100904,M,1977
100905,M,1977
100906,F,1977
100907,M,1977
100908,F,1977
100909,M,1977
100910,M,1977
100911,F,1977
100912,M,1977
100913,M,1977
100914,M,1977
100915,F,1977
100916,F,1977
100917,F,1977
100918,M,1977
100919,M,1977
100920,M,1977
100921,F,1977
100922,M,1977
100923,F,1977
100924,M,1977
100925,F,1977
100926,M,1977
100927,M,1977
100928,F,1977
100929,F,1977
100930,F,1977
100931,M,1977
100932,M,1977
100933,M,1977
100934,M,1977
100935,F,1977
100936,M,1977
100937,F,1977
100938,M,1977
100939,F,1977
100940,M,1977
100941,M,1977
100942,F,1977
100943,F,1977
100944,M,1977
100945,M,1977
100946,M,1977
100947,F,1977
100948,M,1977
100949,M,1977
100950,F,1977
100951,F,1977
100952,M,1977
100953,M,1977
100954,M,1977
100955,F,1977
100956,F,1977
100957,F,1977
100958,F,1977
100959,F,1977
100960,F,1977
100961,F,1977
100962,F,1977
100963,M,1977
100964,M,1977
100965,M,1977
100966,F,1977
100967,F,1977
100968,M,1977
100969,M,1977
100970,F,1977
100971,F,1977
100972,M,1977
100973,M,1977
100974,F,1977
100975,F,1977
100976,F,1977
100977,M,1977
100978,M,1977
100979,F,1977
100980,F,1977
100981,M,1977
100982,F,1977
100983,F,1977
100984,M,1977
100985,F,1977
100986,F,1977
100987,F,1977
100988,F,1977
100989,F,1977
100990,M,1977
100991,F,1977
100992,F,1977
100993,M,1977
100994,M,1977
100995,F,1977
100996,F,1977
100997,F,1977
100998,F,1977
100999,M,1977
101000,M,1977
